<?xml version="1.0" encoding="UTF-8"?>
<library xmlns="http://www.netbeans.org/ns/library-declaration/3" version="3.0">
    <name>AndroidSDK</name>
    <type>j2se</type>
    <display-name>AndroidSDK</display-name>
    <volume>
        <type>classpath</type>
        <resource>jar:file:/C:/android_sdk/platforms/android-16/android.jar!/</resource>
    </volume>
    <volume>
        <type>src</type>
        <resource>file:/C:/android_sdk/sources/android-16/</resource>
    </volume>
    <volume>
        <type>javadoc</type>
        <resource>http://developer.android.com/reference/</resource>
    </volume>
    <volume>
        <type>maven-pom</type>
    </volume>
    <properties/>
</library>
