<?xml version="1.0" encoding="UTF-8"?>
<!DOCTYPE library PUBLIC "-//NetBeans//DTD Library Declaration 1.0//EN" "http://www.netbeans.org/dtds/library-declaration-1_0.dtd">
<library version="1.0">
<name>JAVADB_DRIVER_LABEL</name>
<type>j2se</type>
<localizing-bundle>org.netbeans.modules.derby.Bundle</localizing-bundle>
<volume>
<type>classpath</type>
<resource>jar:file:/C:/Program%20Files/glassfish-3.1.2.2/javadb/lib/derby.jar!/</resource>
<resource>jar:file:/C:/Program%20Files/glassfish-3.1.2.2/javadb/lib/derbyclient.jar!/</resource>
<resource>jar:file:/C:/Program%20Files/glassfish-3.1.2.2/javadb/lib/derbynet.jar!/</resource>
</volume>
<volume>
<type>src</type>
</volume>
<volume>
<type>javadoc</type>
</volume>
</library>