<?xml version="1.0" encoding="UTF-8"?>
<!DOCTYPE fontscolors PUBLIC "-//NetBeans//DTD Editor Fonts and Colors settings 1.1//EN" "http://www.netbeans.org/dtds/EditorFontsColors-1_1.dtd">
<fontscolors>
    <fontcolor default="identifier" foreColor="blue" name="mod-local-variable-declaration">
        <font style="bold"/>
    </fontcolor>
    <fontcolor default="identifier" foreColor="blue" name="mod-local-variable"/>
    <fontcolor default="method" foreColor="red" name="mod-method"/>
    <fontcolor default="identifier" name="mod-parameter-declaration">
        <font style="bold"/>
    </fontcolor>
    <fontcolor default="identifier" foreColor="ffcc00cc" name="mod-annotation-type"/>
    <fontcolor default="identifier" foreColor="ff666600" name="mod-parameter"/>
    <fontcolor default="identifier" foreColor="ff006666" name="mod-interface"/>
    <fontcolor default="keyword" foreColor="black" name="keyword">
        <font style="bold"/>
    </fontcolor>
    <fontcolor default="whitespace" foreColor="ffd91635" name="whitespace"/>
    <fontcolor foreColor="ff772c1b" name="mod-static">
        <font style="italic"/>
    </fontcolor>
    <fontcolor default="operator" foreColor="ff5e7e64" name="operator"/>
    <fontcolor default="identifier" foreColor="ff006666" name="mod-class"/>
    <fontcolor default="string" foreColor="gray" name="string">
        <font style="bold"/>
    </fontcolor>
    <fontcolor default="method" foreColor="red" name="mod-method-declaration">
        <font style="bold"/>
    </fontcolor>
    <fontcolor default="identifier" foreColor="ff009999" name="identifier"/>
    <fontcolor default="field" name="mod-field-declaration">
        <font style="bold"/>
    </fontcolor>
    <fontcolor default="separator" foreColor="ff006699" name="separator">
        <font style="bold"/>
    </fontcolor>
</fontscolors>
