employee_id,employee_key
1000000,1213daff432aaa124fc09e2efa698ef4
1000001,b01af9cf35f81667f60b2689263a372e
1000002,db0dd120ba2faabb7787ea45449ae665
1000003,4e6580b8904fa163ff00a40040c8c661
1000004,e245a3615cf51fd0c595e9d5c4a1204e
1000005,ffe979e6241c45058dda220dbc23c124
1000006,ce91c147c0d3de74bb4db24f96132420
1000007,2889087d2f0fee67c348669a06a5706a
1000008,f7cc5d784a32a6db8f2b8b20f9e5ed8c
1000009,2ef8bf1c217da1f1503e4a884eb0bcd4
1000010,4571f46dd7e4aa3e81c5dc4847e73f6c
1000011,5b79b83c7f56ce18ce7b63f51d50424d
1000012,ecf26e100bdb9ad5e17dda7866687d00
1000013,56f7319ab2d8da05721dc415a2457f98
1000014,8c07176bd621b293ab1ac84e132dfdb8
1000015,af386b7e14ffe33400d9837173718179
1000016,8a822c3097d45b95e9e842dfe87b3bff
1000017,593f022dc957482d05085c567735a57f
1000018,51bd97ff7fd296540ac9ddc92857437d
1000019,470de6984fae12fa79067bd82a0fbaea
1000020,2153379603ce914b9e0c7151f8c1fd38
1000021,9544cabeacf5445426cdb82d7515e8be
1000022,e650436129c07bde1b62329ec3fb0f45
1000023,da00c5afa411f4a78d8a13289e99da8b
1000024,1c23945baa51adb98731c8afbb2f7950
1000025,40d0a917d579afe81d5af6a7a23e7e1f
1000026,756c5b037861786d6c8622019b9f9892
1000027,0959ba1d63a2b9bcfc99c7764b6cf5ab
1000028,cf17091a414b22e18587a9068b0c30b3
1000029,6bec9594578df26ce94b4c3950057287
1000030,308f6d87a983e4cb35557bd32acb1040
1000031,d15a882f552db809a483cfb8ed6d137d
1000032,065023fb563a0fed04cc1eaf521edd11
1000033,c482cbca9199bba904415fd82d0873c7
1000034,976f2bbfe26554cfd2140d2bfb8a6bcf
1000035,53848905dc4511dedfee2c275fc18e63
1000036,7458a14d00d6556e27f0132a8cb9b89d
1000037,6d018f7aceb2966d976aa0bde6342c4d
1000038,f733ee41613228bcb7e611d62be11990
1000039,072b0e0ddc6bdfa0ddc929da2ad3c3e0
1000040,e30ebf66903e053a1a9982881aa8ac0c
1000041,b1db50b2a0c03e5880066b95e1a7067b
1000042,5407c755c97d458f38e3ccd5367880ce
1000043,d13d4f8d9f766e73a7a1be71d090be9a
1000044,ab5ec2248c12994b3de4fcf5bea51d0e
1000045,9815b5945f6c8ce70ccdb4c84456e9a0
1000046,4231d33e7f98938fc5e5f9bdef06fea2
1000047,aa90f1e3961b892843da1e5adb6f2dee
1000048,bdf89664f79332ea5f38d2bcba8481d5
1000049,020c8312d3c81b53d30fc265bdbf662d
1000050,273947309c8fabc7f179fe5979b20818
1000051,66daa1171080667670c7b386a60faa88
1000052,d1f084ada920d832e3b7500487c5e4d6
1000053,4f0c9177a1771d496e0d688fed036a27
1000054,695d1f85dc3d73d6c7941192f4be0b92
1000055,b66ca5d3b3b68a691d39f6b8fb3cf235
1000056,d1301d8327899a28515b2cf49ec4e54c
1000057,ff599a38a08328f9ad45dd0f1f0609a8
1000058,c13ea552da6ba973889e8e7b63a130f7
1000059,c353746f483630d66b8d6977d0b950c9
1000060,b5d6deeebbd26a32847f93593c282f76
1000061,c7431ea9bf632f77e7d5d888a4c4d1e2
1000062,9cfa6f4ebee76878a4bd8777e485602e
1000063,7f284e926c4caaac5001a37a338f3de8
1000064,04273982a641d619de6791888ff6be35
1000065,67312ca548fe0316f1124c3cd6926a2e
1000066,679a91fdbade308f869f2661c764708b
1000067,c0dbe37fcf6c9bcbe870ad6a3c46c9db
1000068,8beaf6289c697941e2f55e142c870b79
1000069,308fa34c7900534d41b6569f8e89074f
1000070,d2fca2d816415cc6681272f073ea20ff
1000071,7a1ecbeac1c197de6232a0760ff53177
1000072,64041cf0b737ecd69a1a7f30877a1161
1000073,691e7c006ce3e3cf903bc2a4b0cf4c56
1000074,edc37532651d5a425207afe4e6faa467
1000075,c0889253e9e092678451175bb0ac0f1a
1000076,2100c467b37ca9f2e8b602eb1f884281
1000077,0d90ad5b03fa99c40470befb2d3b9219
1000078,c6d140f0b415d7dc68a88ef1a1cc2f59
1000079,2b72322f193a7c181631d3f286f99fe1
1000080,3bc6fb5a3f9b7e1af3a2502f9c522079
1000081,b26af35b33a57fcabb3ee3bb4576a776
1000082,d4d224b03b2ae5a479f13f2d395f12d2
1000083,cf866408ef6d0019b12b687775f62411
1000084,c97363f53dd79411575f4958d2528038
1000085,9458c87ac4052cd4b53c959b49830207
1000086,c9683fb5ae7d435c0ad1d1db8953cf1e
1000087,b56368062fc51b5fce54904a5f99c7f0
1000088,9e7453351294a1406020d8051faf59e2
1000089,28bc5262c2d55bbae95139189e1b5eb1
1000090,fb02f2ef0a712ea0bc3499396ab8c6b0
1000091,6de8f105d70a833f88d2dfe935346d67
1000092,91895efb9b5add72d460a2f58cb1eb99
1000093,a682d16a9ba163d13d9e388049f0b794
1000094,0650fe1d318a3f32e0163df38aefd420
1000095,e10aa43fad1299fc6469a3f894bbe7b1
1000096,5e2fb58314b568214ae1300c8ce99824
1000097,6d2d3cf82a153a1941e0ccc6907ebfd1
1000098,1540e56734a8bf689bb7770a6dccf5e7
1000099,3991f337b95666664af80b3cb83225f7
1000100,09758e88dc359e47b0ac2f7508fbaa2b
1000101,acffe0b5590255535605517743ef17d9
1000102,4f8c2df47d05bd4ea5bafeeec2200288
1000103,3e637cfa771eed6b9ac80ccfe578f61f
1000104,f16ef812aa1811ea987d7f9cd576ef9f
1000105,7e46f4e98ed3f08e8026b95e3c9298b6
1000106,381b0b314a14ecef10979248a2de30f1
1000107,b0e0bbd2123c2608a73bac5daebc49c3
1000108,9c4e2152b3c30c78a61b27b69476a978
1000109,eb3e48965f364c45038ede70a4bf35e5
1000110,bc65130403204cf99d8e29223c5f74cd
1000111,f3dfcf40a5affe3fe73f7d337dfe6619
1000112,c2644d0664b4f020082f9921310dc500
1000113,6e2b187f7ad03e1a39aa4294e520f7ca
1000114,b1b66063a88038c0bd6b238b862c50d6
1000115,5df047d1ffe34bbf9074d7529d325e17
1000116,271ff12daa94f6eaf5219b6be761fc58
1000117,b1c3017afe88a7a3721157ef55d7f80e
1000118,b505f3359f13bc4bfdc5b0f7b5d01253
1000119,5d001ab30082a2b7d984eea3056dedce
1000120,29176416497d01fb33cb87c356071aad
1000121,a76d5d3ac978d7cb26056f2147083661
1000122,36e8eeee3910693ee510e6ab2e921232
1000123,6f7f8f6ae79c18684ab3230994bcfd9f
1000124,cec80f8d41d9e95e21de664d4adff482
1000125,5a4c6e9c37fd12457a2b757669adce47
1000126,08ad20aa446f22b7b578d81da7b3574f
1000127,b920c8ebe563ba3c6d423243d356a8b7
1000128,40f677dc1f016a3a384577d2534935fe
1000129,3a56429a7b20d140b4a3f9fd30f9caf3
1000130,9461625dc71f682dfe82fc74eaf22078
1000131,bc61add204f7eb5177d66cc90c1434fb
1000132,b6a8f7a0e92abe451f0278b71e1416c2
1000133,bb0554e42c546f8277400085943e9f82
1000134,0be6b586ce348df0d2a16c659afc1cf6
1000135,1adfb01aa084b98a787500d5d441bd33
1000136,cfde312a9c030ef61f64d310e13e1528
1000137,97b54fa66a2b9c4f5ad903d139aecc05
1000138,4df41d44887a089ac7ec1d2cfb2b0365
1000139,57f244f96f007aea252545545c06bf34
1000140,a505bb556071f48308df538a5495e7b7
1000141,6f13b167780ff89fb1b322d0d027d31f
1000142,9f3194bcc7d01f3bd453a06cf422c7b1
1000143,3eda97ef45d2590d1413047f5d768941
1000144,007c3ad742f8ee8376cf2951ca04a6c9
1000145,1aca1ee40b90e40b8a33a27414b08a01
1000146,c2e144400864d5b4e9051ed8ec00fb14
1000147,35a1f23f31da78ff0820988872144818
1000148,b08d69501627446219496951e07df856
1000149,abe493491e43eb3e889ce2ef4bbcc5aa
1000150,3a04aee33e96e328a6e9831676f6fa42
1000151,5dc6aee75d66d3790de9b8acd6707899
1000152,5aeea1d472b7ae9d017f7ccf5da42280
1000153,c9a12cf44fad55e0757c31cbf0c834a3
1000154,6a3bda885260224b2c9c6d98a7b25cdd
1000155,7508ee8232c8252d7326fae02a2b546d
1000156,aa89a8dbc23b4ea75775acf3985920e0
1000157,791a8146ef2fd0a9fca6a396c6110db3
1000158,2748cd013b3f46f3e17292ef39418fb7
1000159,00df0daac42d0e45a2695cf13c3d6f5d
1000160,6d22efb43f71290c60010b717587aa44
1000161,c185df67a10e45bcc9e694ccfd66930f
1000162,859fed1853e89bf43f3d58935bc6eb14
1000163,0422cedd2b33564df1b0737bfeee2030
1000164,e895b016c2ba189710f033094b89090b
1000165,90ce8549a4238bacefe4443e2dcfc7cb
1000166,363e7e1aab4ad7e35534ec759ad56ffc
1000167,12abd461e0a7a45d07335ec3d0d06b8d
1000168,08d48cd55858c7691db25760d6b34ce3
1000169,b848595b5ea2f662ec05453f72833c8d
1000170,65db839a04d6fd13e9a3e2489c97e085
1000171,25c536c2d61761981e01d297b7e75f43
1000172,7254748cce698e5640869ccd9b9caef9
1000173,56f1a44948015ab9dba7abe7e5c3f63c
1000174,4ce73cdb6e2b9c4e2555938acd6f55e0
1000175,254d670e7dd3cd3368ed6969ceb6fa81
1000176,7962fe7ff75efed2c9d0ef4b56d98456
1000177,e9de92c7b4a8495344e447122743a9e3
1000178,e461ca1abec2d422ddb5d468abd5c0e6
1000179,5a88a98d714e37820c60732b5ef89a1c
1000180,10a94532a595d89d5dbd9a48601f0d6e
1000181,ea5e8951ac2954a14d4a406c42060e7f
1000182,b8420e93ca11bd08cc81cf02b686f26b
1000183,0f8801834ce505d451350dcf0008a641
1000184,4fd04eee0ee30c9e41aadabcd92c4151
1000185,20fc4b1d59dbfc38e06363028c97664a
1000186,160a0c9105d01ac6c5c5a8a026b3e8f1
1000187,43a54bfbdae9ff0d0e9d169555918891
1000188,d6048ee53410534b69725e4c69da0f48
1000189,fac3c26cfb3fdf60cd23b2637f843256
1000190,2b19189b282778d5059d2fa1b3d90286
1000191,385f781d045bbcf4335c2c73c75fea6f
1000192,40a01eef54a07bb880d99f4de01927cb
1000193,87cf5aba639fe752b0d608dbe1be8fb7
1000194,9d3ade771c032f2c4f0989106b7eb26f
1000195,16c8c7b28d884f0e7a8941f83ec31690
1000196,549ee7d1e70ea4ac473a071cbf4a6114
1000197,991ab5117ffa05001ba25a56103e4fb9
1000198,9db9d1eaf93d21a0a5b75d1f1d96ab2e
1000199,4d8a1140eb63148537eaed4a22a13128
1000200,e2845c1d21c854c08498fbf4f137bcc0
1000201,d9309314f94356942699e52142d98a6a
1000202,cc4f357e18c4efa395755e0ce9ec2676
1000203,fbd645c7a6a35aed36f8b06ac84e8f4f
1000204,7199f5b747c341622211b30dd97f0aa0
1000205,37ee1cdd1ec501bff3bbc2d2aa4e1d02
1000206,917de9171cc2b14774fe355e3146530b
1000207,218e387a528f8d3e1c62d84485e835c0
1000208,cf77a5826a4388e23f71dbea75170fa7
1000209,30aa98dfbb425bfdc6f535ebd309594d
1000210,88410934ad78c7c0856e3a2e5800f1c3
1000211,b4e1b4e898fed717c773fc106a6deb85
1000212,64ac0d8927b98282b19dc413babb2317
1000213,d790ddc4b19e2422d63b5d27f360c2c7
1000214,2b68ec3a61e4e77c0f488feaeead6001
1000215,4897750aa9cc63931f135ef408c35f98
1000216,8aa50d97c8c59fd447c930243d349863
1000217,4bc31852884cbba904f68654852f8e19
1000218,04e26bcc94c04706a14d1191ff0549ac
1000219,cd86df88e253af5fa2a84e84832ad941
1000220,6e9ec8529bdb3914b91841694f13edbb
1000221,eb742be297e7f81f3e4b46aca42d91a2
1000222,d4db0f086289e3df52e4c0ee8833afce
1000223,a5ee26d65d5288fde9d5e496764cb12e
1000224,5400c6bb51701aa77a4ba874b662ea53
1000225,10deb970333e57748696a2216a4505ca
1000226,6209137ed417863f4822e09e9a0486b6
1000227,418a4d1e96d2474310408a3c8a6d9a4b
1000228,e806c03aa7109e18da29cc5097840af2
1000229,2468bc68f148a7fdcd83341abcadbb18
1000230,23f782edfb0e238c0aeaa63153e8b549
1000231,04f1551c470548ade8ce1b4e18d9ead1
1000232,e1bf0dcef60de02f2215e6731901327f
1000233,629d5bc8070cb590855556b952897736
1000234,35d9e6435e8dff0ebff2c55d40205224
1000235,756ae00b9f4eb00979ed1823bda370ad
1000236,80f7fbc53867c23610a64f7259d965f0
1000237,07cfb4fed863a562e4bfc45c6c0413dd
1000238,ae1b51f5f2b6bc39be45fde64df0ce8d
1000239,09b5a6dba458da275e802e68ba531d43
1000240,08b82e3076a4fecc0818ea30fe3799ad
1000241,cdb2e52b836f3d0567d67266e7daf5f2
1000242,cce35d999c87f0750289a9e353929f2d
1000243,9c8c4a7b6baf6bf69944738bbcd94855
1000244,677e500e026ca64f4344b8dd8bd406c7
1000245,64de4d5826a3a823f9a6f09f7510cded
1000246,09a9e3541affa2c73bb586b80f91b3ab
1000247,65970163191f5f046eecf260b5ce1afa
1000248,ef777d705fef7206847113b10fb74832
1000249,45581a3b1888aff3549a82897ef64e9e
1000250,19b394d003b3ec86832eab5e8105d7ef
1000251,a3362f3b2c2bb46f4e7c691828f6e18f
1000252,586fb62f2c84e70ce760189e6fd8cb8d
1000253,76f9c89d170e2a7b187622a3b25c4fdc
1000254,f8ea1862d4d636f3b5e8ee5b33d32986
1000255,219494540b3c389f6a9f39801d80c3b2
1000256,8a5b11af846d96efbc7408716a26a196
1000257,2cbb3ce90268e60f8b9682f3d447cda9
1000258,813bce713c60fe02a86ae5d94c7f5464
1000259,f2d5dbc864294043b9e9090139903f36
1000260,d53b84bf46d434ba307541f2af7ec718
1000261,24e7b5e38a4176cadee90407ce1f32d3
1000262,2fef37171b58ead30d4cb9e5df6ce73b
1000263,a6c147bd4b1ea02afa82b083ed488b07
1000264,92749b95d831fddec4db31ea6a0aa87a
1000265,88127224618cf32d383c80844f85be7f
1000266,f19f948d94e34662297b45901e904f33
1000267,d51f1fb27d40c2ab8896dc3115f06862
1000268,5e6e038cbc425e91c56b7c47b6ca8c79
1000269,b4b0ca1816f04868b495f6e145942548
1000270,b5dbcfa2ec0f49fc12454f11cdc88a36
1000271,1fd0e6b8e8ce01910e9ff597f183f77b
1000272,f671ca86b85e534ca790a7b777155e69
1000273,28a5a7b339346b0a4581bd58b7e2c5a8
1000274,a9e512fba5313eda457f9adfb6e649c7
1000275,d94c762dc900f6aefec6e0ffef9890ae
1000276,4d440446539904971a80675837638a59
1000277,919a03f4c4ed47e2f04f392a8c6b23e8
1000278,5d608330b20aa60ce298395226e84a68
1000279,f10ca459b80ee7c0d72d127b3784170f
1000280,0997722be62e0b52019dc962a433932b
1000281,4150db6b07a58f1b53af0f68293e726d
1000282,e6e272507ef3e337f1ca6e4440db853f
1000283,e8c0cfb2095eec1133f599c34bcad495
1000284,4841a62b98a7e542906ffdb05661e04d
1000285,ae0ad44577451d9b11047539ea52ecee
1000286,3059d12169f29625b9866e0a2a4b79d2
1000287,543d22cb0e1af7cb302274050bf735f3
1000288,ad67af26e3ee7b1aa4bf36ca05e5532d
1000289,677b4f747e72c307623dd4462d8a7d01
1000290,cde4aba76e751e11810e70585308f589
1000291,14988a8d9e02d040d9753264aba8669a
1000292,0330c787f0a5406f726c6f38f3ec4db1
1000293,e3808a93ada75c6af496804c5c994d9c
1000294,8e6d2e60f60c5b9c9573a5b4c3c72dfa
1000295,b8a3ec163a5ea285cdb44cfed525e3b1
1000296,3acc0aac667884f76e339f9f4e05ad93
1000297,da0303c6c1d5d81761316fa195c6e213
1000298,dd289c3a4adb97487820aefc8762c3d9
1000299,b8484c86b6a1aa9db328e0997cd6971b
1000301,2334bbe7a872e5342db229540f83e973
1000302,265f0024d12a055b54df323a782f7b1a
1000303,df02413d058ebe85b46fab9ae1b18bce
1000304,c64f6a8dab4df3d553ae7991b82fdc69
1000305,c3ad9e9944fbc89941a3db7c6dff836d
1000306,f3bb7763c5fe123cfe3f20cfd66fd242
1000307,f00e7459231aee1691a1f47957d6c397
1000308,46e319021e0489b8acb9fbd2f5628276
1000309,816ea151faa6073d523462711a803090
1000310,8b7ab3ba146f631f6ac9b1ee6eb814cc
1000311,d1f7cf0d128fb25f4a1810bd16d0303d
1000312,d678a111c067d21de3121b8246d656bf
1000313,e3f79d57f9d74668c832ec2edff7e4b5
1000314,31b346429afa946c23667faeb9b232cd
1000315,7d6def0f4b1a9f7700e0fc1dfe9b7381
1000316,b9f9d4d1e84dab76cf897af95f643a0c
1000317,1af7539e7e0b3c532cbcd00a0233789a
1000318,bd71d0b6c4ec429705fb816464060901
1000319,d1dc447d65d2d09f7dd336cfb67d8984
1000320,d6695ad84a9c1e68c6d0f8bcad953ad3
1000321,77eba6af93b59d222b90c39489dda385
1000322,89b34b8cf4cd9dbb1364d4c283445e0d
1000323,7783108cdbef53459481e1d73004feba
1000324,615039f2993e6d8e2c0dc49c7a592e48
1000325,87ff184a682d1babf497aea1a488a369
1000326,05d0792882d6ad6692cf432bbab2fbdc
1000327,f1b93d9d2c5f1be23e14b6cdb201d90f
1000328,e69f0842a0407e4254df47a3e7d47dd0
1000329,e01874b5e22c0668f214ee63f99b4ee5
1000330,42f174001f05cf3be0f030c4d95444c7
1000331,a76e30ab3b6e746fef69d1abdf867131
1000332,d3e8690ba0941a752630caf8600f0286
1000333,968f5793e3f5497f46ee70dfa4cd62bc
1000334,9a8afc075826d2c88dd14beb194d9e71
1000335,cf99490731c133acd814c09cf73d15f6
1000336,0445af0169a66068ab589f78578af7a3
1000337,92023571af2651c833b1d8d1bcee26f1
1000338,36939a197e5923014e78900b1b47d2d9
1000339,9cc447996a2bae2f8113470769833a33
1000340,4051d39bb7b5aaadfaf1be51435fec4e
1000341,b26039316dfc26886ce3b876598feea3
1000342,00517b8c19fec57713769dbde53590cc
1000343,8bbeaa872fc0a05a2e2b651a3b7ab7d9
1000344,617862735d3d465c57658cc67ed7c37b
1000345,0b6680aae179a289aede3b0182fcc6c9
1000346,4bd0d0e01d87c4ba88a6d1111c8be113
1000347,673fcd469dd8b25874b33ffdc1eba618
1000348,f82d52ed4cfc07112f0b75d606dbb3dd
1000349,9d47658bb815023f992bbf7462a4b2d1
1000350,f26a3bc59c7bece145af5c25352c8a6c
1000351,8abaf9b25c364c1388a2ebc2676781d2
1000352,4819ace726649dd7a62ed40de8bbf6e7
1000353,46a41d21f40731f89439ef23cd067717
1000354,4b5207e0630b8d74c0574241880c1b21
1000355,9e4767bdec0dd214c61057fa6caa8120
1000356,2cc8b7c951df78fc799fe6eae5d241a3
1000357,5b4bbd23fa26fd7f7a47c6cf5e7859a8
1000358,c338a8d350bed2a69ac0c525a09536cb
1000359,4bcabdc02aafc41409f990e67aa7412c
1000360,8edff9868c2d04ac7e848583d04ea5d0
1000361,28c25806db3b945b2bf0f371776adb41
1000362,72b5cb4327019b9d95645c815f193679
1000363,a3d276dfe97ea88948b4bf9270dba82a
1000364,a4ea34ddb399df92771ab5200afacfd0
1000365,1aa027dae6156e1910095c6d4847f837
1000366,9fe3469bf91d737a87ea71abc0bba3e1
1000367,1287340e4d3a3b8b99d7799ad14c08c8
1000368,a1bed27c4d64217f5d0073711105c50e
1000369,c67ef6bae0f02e2f2533d3afee5e83ef
1000370,529479d8e3b94d9dd450ccef01a725af
1000371,f0ceedcdda669d057b9afb15db2b7d44
1000372,b882026c954dc9298d1e4e09b60b5102
1000373,75e8831b2c132642393e15a1c2c3931c
1000374,92c3668227f87f519096570d293df0a4
1000375,985e62439daa02ee4342c4a0c8c80c1d
1000376,66ecee94b56a9d7684fb196e3a10f9b0
1000377,e761f28260c2ec39af949701bcd96c02
1000378,6207c470ae3f5f78d03bd3c905587a69
1000379,9fa2634452bf298dad84a5e75163e8d3
1000380,74442c1ea65c0d781c06c46943babaeb
1000381,cd9d124c1156b9a5a85c2c31b52d623e
1000382,54232d7941a5a0c16875d18ba4d3d9ec
1000383,bb2173c98514a0aa03a0a9e7ad75ba52
1000384,985fd573d036503758eaee73a7059567
1000385,3c83d1097bada571f155751c3f337726
1000386,2eb282ee253ad7645aa83012f6456725
1000387,cf52880ed0c3c4b93f0f7a64407fba79
1000388,04d711b322fbfd1e66a887e392246a0c
1000389,3ec3389d47dde099e216df7b2997bd6e
1000390,501462d93f855f7ee1a153a2d9cd8682
1000391,3dfa1639d19f34bbbebb5b4800bd5925
1000392,9964a97aa446ffc8591ded0f2ad70432
1000393,9584581ddcc6b70438a8f5bf960d80c4
1000394,bc2789d158d814155a2a3553420952fc
1000395,33605fa91e2bbaff9e2f9af1f00e0d5c
1000396,1cc4cadc3641b720941eaf3a9065dff6
1000397,f390349114658cfc8fd74ffacaebcaa8
1000398,5db399896d4280c7b5f957b227151554
1000399,0966139087e441fa657e50a88fc26c1d
1000400,7713349c379dd50d748bc594a70cb80a
1000401,c65bbbb9ff44fb1bb701ce0dc9af4cba
1000402,04f7fd7724271abad1884f71505b38ab
1000403,f915a6d15758ac3c50aca92aab346116
1000404,8b83235b1ca23b5f84b017475c689c8e
1000405,1c0e751e3c9952c5147975fd853909b1
1000406,9fb996a239c4f5d8ed91eb3c95ff751f
1000407,4393c92eb3fd5dfa0b0e0893671ae426
1000408,68c25840d64b75d48e1a03a55a2604c8
1000409,c8e8deb020dd43825f8bf3f8f028ae84
1000410,460338d1b29cbb9d76908992acaae85e
1000411,149b1c0ad482c9f43fdf60aaf557fbcd
1000412,f7ce88f546058ffb755537576d3adac3
1000413,8d9980272e42608125d2643b65ecc456
1000414,e0b967f93d3e244403c7b61378b67bc5
1000415,fedb481be269eaa054d23af06e385aa2
1000416,d611ed10d0b90b35f27639f9966985bc
1000417,2252a46362b537a012ed554203851c97
1000418,ea02df3b14d6298ea73395cafa6b79ae
1000419,06aa46babc9bf7cbb0bd444476eedc36
1000420,466129b1880af31add56127702442821
1000421,71bd14e572127cb0b4840f7a41d1531f
1000422,04be78b4b40a751396df426f02d28b7f
1000423,fab31eeabaaa21ea5b954b02ab2cd4d0
1000424,afe91e09926b1c7756cb4f8e45e145de
1000425,413a532e34782280bb43f58263ffd4d3
1000426,25e7ff8f387faf1a0b400355133750c4
1000427,154a1cab2ad6c48ab95066aec7dc788c
1000428,d457003dee15daaaf5c8f07aeae6b432
1000429,b347407746dc84a847f98a92b6751cc1
1000430,547ac6104a07ad279f7d8a4347dfe723
1000431,e773a771bef4e361bef80c9655fa3333
1000432,073e9bbad7df5faa17e8315656c14502
1000433,ff58fd2873fde4e662346971e96c92c7
1000434,4c9649b512aa17f062fcf66b13715a16
1000435,000a199757d8f7c1c3f6dbaac3a9f42e
1000436,60a41596738731237fc94734162af85e
1000437,fc2cdb5f73ea99c5ef8387bd20a70eed
1000438,5193115c519e649bcce9d387bf01ca1b
1000439,a62c355f539bfb9e232e65e0a393276f
1000440,da4136eb79b8b2a82556614b67f8a256
1000441,09f9cff4f99db40c4b97fa921cecbf93
1000442,745d84dfea48596e47ed1f2abc42eba6
1000443,a35ecb235c969772fa6977a33eba979d
1000444,7e7ada5271f5e34982b0b3f1315712d8
1000445,316e8acd6de9f91c012b6c71dcfa8676
1000446,66f45400c2c8144f38dd0de95a84172b
1000447,78b55751e63d1a35f30200511224c0b0
1000448,03169353ec90359ab927836b3bbbcfa0
1000449,c646230b6a8161d839647bd356c89b72
1000451,629a43a4378cc2d2cc89a8a3ee86e3f3
1000452,adab3a18117e12d865081d4d326991a9
1000453,b3357093b12ef9a6c39d6f3e2c4d32e7
1000454,9b62eb8fb48c3d6581cce7fe56123fba
1000455,f4d4b0abdb566a04efc9562c6b32af25
1000456,8d092d393b4e07d57fa162ffe62a7beb
1000457,9cfc76d54d118c35c0bcd22aca10fedc
1000458,971ce90c774b5000f7e14c854e2c3f66
1000459,1f374e2fd5c499133f2dacd983417c73
1000460,12cf7fd29564e57c29ee3e62dc4b3676
1000461,686714c580576da2628117f34a6c8b52
1000462,23beb30cb4435478c2cb95f431aa7eb8
1000463,0fcb39c3f07ae916803744e5a95d7766
1000464,c7b8ecec1a7960987cf2d0504bf66364
1000465,d5e4834b2a221c5724e005f7dde180fd
1000466,f631d4aba1a0edb2cf48a5f43c44ef3a
1000467,f6f60ab000a355dee8f2fe4b6f45b99b
1000468,a41c07578a881ae6cc2937a1b3d1e664
1000469,c49addf494333feb6f32aabd09988a15
1000470,100e657ab56b7eaf535d3aeb24c72224
1000471,2171ae047ab3b1fd26ba64a363bfdefa
1000472,870e2373c2eb7e7b74fff3aaa03bfea7
1000473,f3056b4a4624a93a88c9867b3146f691
1000474,cd2d34db198808f23559d3193052f89c
1000475,7072aea72fba3b82176c297bddd2fcc5
1000476,3c182a667533cca99b24eb7709ad9bd6
1000477,a9ce092139c41e7da5b747d256572d30
1000478,a93bc2b9083cae94a71252d4e56d714b
1000479,362834926728725c374ad4a06abbdb3e
1000480,e651dfde66084739799719a202d8e6bf
1000481,2a450095066d4b09bbb933968eb1e101
1000482,e59eee91566b9e3cec32ee81fc54ea63
1000483,1b1c2d6f4e0623411ed6368a3bc9e447
1000484,3f15a66e478f3615966beaf45a39d6f0
1000485,daa943e8ba9694671a84c7e355de9dae
1000486,e802d1c9b9df807ce7e767e30d331175
1000487,115dd9f34086fb9a45556499984eb949
1000488,d1685256b67173a0af109d3da93aae77
1000489,158d7bd57d6951f57cd91e7e48c5ae32
1000490,71732914092cdf2d6cb56117719a1a21
1000491,ebfda6f414835d0b9fefe272ea4777f5
1000492,da808370ecd63a9727efe3b0bfcbff59
1000493,3c6fe85789285e53b911cb399c9da984
1000494,3d97727b49a8be96650f714dee3ff55a
1000495,22247376e54d1f34b965c4da947ca0c3
1000496,1b5fb8f0410aa46f688a103ea59c6cc0
1000497,38f51ec22f7f0fa0d7bc3ed8cddaeb53
1000498,de4979d43478f047237f0668f872f6a0
1000499,8847d4703edfe914665cc1492acb717a
1000500,5a512f96a893c1d8858dc754d783402d
1000501,8c1d04616486b459d2e81dbb153a2edd
1000502,c3338069af121c4b6af7659c47499fcf
1000503,66b35288d088c5bbbfd0143b664e4026
1000504,e26594b98e50d71ddc0035d8401090af
1000505,52cb6565f5f5cf8611dc1ccf264eb358
1000506,b9f39ffe90f7ab0f1ba4719199497084
1000507,905b94a112429488d7a581f901c444d1
1000508,e03cabd269e4486f33c9edef98301e5a
1000509,5f1f28ba853877fa7479a4afb9921332
1000510,13c7ffc6fec5b8d63ea01780db883407
1000511,ae4031f8c5b26b3f8588c2f22e93e612
1000512,22744eaca398adaef37ba93e2a9c00fc
1000513,48292e8dd54b566b752c6715758cbda0
1000514,96f9655d5c241b453a10fa5861620528
1000515,b85a99368112fc0a97c43898574cb65a
1000516,a30fa4c896a547d9d668192add5421b5
1000517,033c075fd1ea9877444a3454c7a5b635
1000518,6f88e970c0f27ed2ac3fb3f25c83e9dd
1000519,229bd2cfebe01374e3bd61048e7bf05f
1000520,19e757fa1c0865428c0c7eb3d9cf4397
1000521,954873872a6db7996b6f013db9f7ad93
1000522,cbcb25f32df8f26455391bd76e55fb4a
1000523,8a9ef9b4b7e68401bca206dad23584de
1000524,98eb848bfc6e5db0f33cb7054db99b16
1000525,0627b1b9affbfc586c832d824178e0a9
1000526,41c0b21f0008d6d80ed3b927dd2a7765
1000527,e00728d9b9a1a55747be13c922427756
1000528,5a543e0427f5db53e8ea4a77ec83a6aa
1000529,1266e2508bda0b0ca5e22a455327f112
1000530,ebee740d872790db2bd6124ba4c3d0f7
1000531,d680b2d5770e2e884078be8ad92a78c0
1000532,ae3daf0885706c8b4778aabe5693740e
1000533,94a6780f94e104febea43b01d199510d
1000534,96885f461473bc255935b177b439a31c
1000535,8ffe8c713dbf06ef9ec63eeafc3b34cd
1000536,7a5a3421ee362be3a178217a20405559
1000537,5dee683f1480970add4c9f3198629bc8
1000538,27a3bbb6c9885cd7b96ba1663c5f7598
1000539,154cf27472e8f12a1b91ac06d6005be0
1000540,4cf62775028cf8c524ca9f9f9088da8a
1000541,da4e169492901eec20b1c3c88ef8eaec
1000542,5fd2cc9eb2b2ac6aa840a6cfca39da19
1000543,924bcfb4b40d6c78eb5463808cbf064d
1000544,ee41fbce33fe6efc2229038b5294770f
1000545,953941d3172684da1c88e438240a8fbd
1000546,f66770456d2a33982955776e143811a5
1000547,b3c5ea2428e9646213953c3674abb4a0
1000548,d63e42eaecfb95878e78a86f978c5d25
1000549,f7c9c64f1a501a4698efc0f987e5bff8
1000550,70ea841e3fd7dcff9566d68d7f240e30
1000551,3360804dc87a4088fab2bdbb72c30f25
1000552,acc5c8d130e7c191a293f80b565428d4
1000553,7c3131b781e377f59707812cfbed060a
1000554,77f580070bde4dcaf3ee719cd95d2570
1000555,3ae041148c78db95f66c7cab7b0ffbb9
1000556,2e675e06cb3600d8d68f8d650cf25da2
1000557,f2fa50cb0b1f1be4e423bf408fd2b367
1000558,ef69bbdef4346ed676eaca93dacdc656
1000559,cf61f84c951d7b639a66119d40204f3d
1000560,761cf4a3994ba3f9c7a51d6e9c058e34
1000561,4b3714f7b842e1af146d593d28d51616
1000562,4d133b6a8578c911ea76697f2f0a4115
1000563,16130a246a794fc9c2ef225adaa784a8
1000564,551a9e6d4419a788c4189ade1299c72f
1000565,cba379b251319634ffce9fbfd730ad5b
1000566,9b404e97785777f3cd18c7ec67993738
1000567,98947da2e0133615698a9fd348635c96
1000568,835b5bd6a28bc6cbda66b649387a6b56
1000569,b94feaba34799634ffcf785be0cc236e
1000570,f325338157d078c3ec7c34f9422cab21
1000571,ba2d9bc5098562692e28e2e984a36909
1000573,385986fed146f4221c02ae3f4eb9c867
1000574,b33f70c8381d09880c3d6846a6511edb
1000575,626fa1fe3029382a563a4f95e576062b
1000576,2bc68c886e42e567e4697d99333b56df
1000577,021bef9647b30e89054f7ed7f417bb42
1000578,efbd341fddcd640133ad999b31b549c1
1000579,68532e64f650da2b40e3ae5c973a7074
1000580,3fa87aea7339669d6d2f193573d32e5b
1000581,3c93e43d5fb95090a4025927121f7610
1000582,0cb46764c5eb685601e023ce940de4c2
1000583,c6d70a005913d5c2f94970de6bbacce0
1000584,1cf7159f6f4059e4c18be73790248f06
1000585,de49e6912e34ce026d8136e88717c9f6
1000586,1d46acc1f801de7fbd5c9eab3b1e143a
1000587,3ae823e3c9c4acf8b30b467ef9898734
1000588,c9b6171716e5f083e3d780b1e5d5aee3
1000589,c8bd80bea5be231dfaabb354990bf35c
1000590,e781cb9e4f04fc9b6d1f991aa4f0c674
1000591,d59af2f8babc1109d411544864059fe0
1000592,feab6a9314d75cf1bb47d55f39b74ad9
1000593,e3183784d2ab07301a21b8d0d8e6c9b7
1000594,ee0d830f05af3783ea4c0174708cf834
1000595,7b1c632e3c5269c8fe1a9b9c3f321622
1000596,c5290c42c67afe4d42ca4ee280f2c523
1000598,692fcb370a7bc40e8ee0b00cbf97e6c7
1000599,44e2e85738280847060dc77adedcd856
1000601,9c5840a2a6d5c607c152f89929df932f
1000602,429e44c8e68b4e273268594ffff42da7
1000604,c27aaac744c217bf1341cb9f439ee556
1000605,61d3890d3f4cf65b47a942b0b44b7b58
1000606,60e7432381f04c16b272ec51bdb5e9f3
1000607,d7c9f954f717d4047a3506564649c6f4
1000608,e9b07e2e02a336641811d31d7d69a874
1000609,bca54ea4cd75e049bf76d97708f26755
1000610,d6e61a72cec32f4d62162224e72dea62
1000611,2a64298a8d0f7501c482f29e9f2de789
1000612,2901a42942028032917962b98201b0c9
1000613,6724420b68f67d3c24cf35d22d618c1f
1000614,8143abbf6a60ede0a1e75700b974d9c2
1000615,043aa2813c90d556dd0e2c983d732aff
1000616,08255087e573b366b779a76fe129fb91
1000617,7fba47e119a11decf846ecd0a82cf0c9
1000618,f20101f96e4d7ef7d21d968f1eb2d45d
1000619,f992bad13bb8357675bab062f65f94a0
1000620,f904eed78bbfb48c7fa9f83e7ee3d962
1000622,384ee5d686913b2d826337474e575b4f
1000624,2101fbadd7af0cd3a2006735c7abbbc8
1000626,f082792db25381e9beceb2cfa4efef67
1000627,299d12c2706d9f4e9aa2ebbbc24bfb42
1000631,ff64bec967127ca383e9be7708ea86d2
1000640,49c015ae7fba99f784ab386408d68948
1000641,777f42e12d44db5b3530dfda5fcb39c7
1000644,4121556e626de7d1507335ec9a62230a
1000647,316b295f5e95a55077b27a9c4384dba9
1000653,5151266d212fa18c7138baf9c0c82b3e
1000658,428ef38525fd48c73ed4e75138debb3e
1000663,8a265a4ccc8eba98754f7356895ace88
1000666,c3494e5e350dcea2b817938c4119bd62
1000669,4ae9f71b50413679837b57ee738f073c
1000679,687a7b0133964899eb2097ca46953d22
1000688,5cb73528c3a7353ac3df3e6788670bba
1000689,a36eb1036c6c200f2be1191003986d7a
1000691,607f679e92db5a56e3c9245fd43e7137
1000694,4e0f2fcb4163f6b304b4995cea1ec505
1000695,33b3a6f5b0d3b92df5b49de09b856348
1000700,69b4d79c3c9a3e03f93410d7b6346513
1000702,a04e70bbe2761ec6c95f97f8df97963c
1000703,777697d55b0c707d7d7244e895b7af0d
1000704,64b46b4bc754bc13d34a6bfdd05b5715
1000705,be4ed947843d9e2a8c1c8653acb587c6
1000706,01746da4dec4860c5d594788a56d275b
1000707,0b159ab864f945b250a87e80d43ef6e6
1000708,c67f81df9054b9a3b13b205144678055
1000710,e15febd42d385d9702ec4c17339ec982
1000715,dd81cc36934ffcac2fdb5f68b3c0048d
1000716,25e2628b3f86bfaee26efcc5cfa4e223
1000717,fe1d7d572f522a9867efd32e5163bf9d
1000719,55e8638da31c33bb5755a75ee9a25795
1000720,701f609a80cf75fe1bc448045cb15ec4
1000721,0ea15c26926952593f2de7b11ece0a8d
1000722,5b980031027238062cf207002c3db548
1000723,6a9f6691dcddbdafebae76c8bc80fcc7
1000724,b7f1971694335be60b1fde906cdf3c6f
1000727,debc04b0a16cc370ac6750b42bda06de
1000728,1a75ff0c9cacf752be13c231e933a230
1001015,67cada6f93dc5368c6d563723f7092a7
1001040,88f2071df98995029f7c30c638278986
1001053,d261d02c86c990c48bb35ed55033d9a9
1001801,fbb169d62588e324e437f8054cbe961f
1001802,ded32df768885c98eb14f7753ff238bc
1001811,78cf9211e1e03422738bf4713d1f966f
1001812,d5cf656162108cf382638476346269a7
1001813,1e52b1b63b0789d4c44063e892f983e8
1001814,ffbd98a51fd8a26dd05bc90aaa4931a4
1001815,c10e5f6e7249e303d7c2829deb7c60fd
1001816,a2dc1d5b21cbc76cce8a6a829b3c79b9
1001817,b3b513fc6e349aa82c2eecca1ea1ec7a
1001820,93f82bb8eec4dc239838e322c58ed93a
1001821,3a9c581e6835affc38eb35fb2fc6df6b
1001822,59af9c78441ab71bfa82860eac50d45a
1001823,702a3236ebd495e4302ae079614df39b
1001824,a921bc85818003eff72fe4ea2fea5422
1001825,588c35f0c8803b27d5b2f069cfe4a423
1001828,fa0648cf4a0c282faed4c391cf21c518
1001829,94f1f5416587863bc574352c457db430
1001831,406053e277dd32cb64ae51c80527e523
1001832,27c86294797a8bc272c50f896cc14456
1001833,fff95c3903778b9529d3537136aa17c5
1001834,d57253f9ea2b85f9895371b3b7aee69f
1001835,6f9c6ee863e1bf83e9606fa4afc2876c
1001836,9cdb655e0f138edd260410d1d83fe110
1001837,7582816d6418d74d7560bc6a6fedf518
1001838,58d3acd26c590534e3e27f48374778ff
1001839,b8d3f2efe06cda0a4cf08f96d756a4a3
1001840,75786522e4881c7f68d05b5eb7b1582e
1001841,eb1683cadec88e05eba055cc4a6e01cb
1001842,caecb65422655cafbd0eb27d1885f516
1001843,5a04470966334d4a01989c2136494040
1001844,85930129ea78449c21f07e73f50569a3
1001846,e4de5f6e451939b911276b5e650f145a
1001847,684d5ce4d0a66bd8365f951a20c75c39
1001848,70ba9241089a616f4d8036e2df8790a7
